[{"lowsrc":"images\/gallery\/thumbs\/1.jpg","fullsrc":"images\/gallery\/1.jpg","description":"Samantha Keely Smith","category":"construction"}, {"lowsrc":"images\/gallery\/thumbs\/2.jpg","fullsrc":"images\/gallery\/2.jpg","description":"Zweifellos Mondbetont","category":"projects"},{"lowsrc":"images\/gallery\/thumbs\/3.jpg","fullsrc":"images\/gallery\/3.jpg","description":"Mehmet Dere","category":"architectural"},{"lowsrc":"images\/gallery\/thumbs\/4.jpg","fullsrc":"images\/gallery\/4.jpg","description":"Kumi Yamashita. Created with thread and nails.","category":"construction"},{"lowsrc":"images\/gallery\/thumbs\/5.jpg","fullsrc":"images\/gallery\/5.jpg","description":"Alexander Semenov. Underwater macro photography.","category":"projects"},{"lowsrc":"images\/gallery\/thumbs\/6.jpg","fullsrc":"images\/gallery\/6.jpg","description":"Borondo. Street Art.","category":"construction"},{"lowsrc":"images\/gallery\/thumbs\/7.jpg","fullsrc":"images\/gallery\/7.jpg","description":"Anka Zhuravleva","category":"architectural"},{"lowsrc":"images\/gallery\/thumbs\/8.jpg","fullsrc":"images\/gallery\/8.jpg","description":"Guy Denning. Sketches.","category":"projects"},{"lowsrc":"images\/gallery\/thumbs\/9.jpg","fullsrc":"images\/gallery\/9.jpg","description":"Wolfgang Stiller. Matchstickmen.","category":"architectural"},{"lowsrc":"images\/gallery\/thumbs\/10.jpg","fullsrc":"images\/gallery\/10.jpg","description":"Sagaki Keita","category":"construction"},{"lowsrc":"images\/gallery\/thumbs\/11.jpg","fullsrc":"images\/gallery\/11.jpg","description":"Alan Friedman. Sun shot.","category":"projects"},{"lowsrc":"images\/gallery\/thumbs\/12.jpg","fullsrc":"images\/gallery\/12.jpg","description":"Mashina","category":"construction"}]